119.2910867,0.0038023552636198385,0.0,0.0,0.007182051231504677,0.0002778859071458752,0.004051054704569865,0.0015005185477606642,0.006441412746618117,0.012207141508298236,0.0025861188428260044,0.006726982533892548,0.0021619959714340373,0.0,0.0,0.015684626000775883,0.002551900895797441,0.0027004142386911835,0.0,0.00290040084690085,0.011106271117775412,0.0,0.0053404027772269965,0.0006374725939601129,0.00883299621326759,0.005401327436208076,0.005835583100133972,0.0,0.003344442281589862,0.007245483275059219,0.0008017058008324574,0.0020043059511515166,0.0022180092002872746,0.009264376746066156,0.004804260534745828,0.0,0.0,0.0013930220753164942,0.0,0.008454311301954738,0.001849130034134561,0.0009489576513076869,0.002587928440911746,0.0,0.0,0.006813809392741883,0.0071778303293001675,0.009434323643943554,0.016305669316538172,0.017741167157674893,0.0,0.0009686080780352078,0.0,0.01310171223885826,0.001843953568663832,0.013267417784383784,0.0,0.0,0.0,0.004477820770970031,0.0,0.007182466189654951,0.0,0.005976841558459615,0.00138833768072469,0.0,0.0,0.007082055036826226,0.0013340510882029004,0.0014156454288718184,0.008655085236586315,0.01620770559173689,0.0,0.006446412919933205,0.006512593470527019,0.0,0.0,0.0,0.0,0.0028169939805088723,0.008278198461339313,0.004159387652443717,0.011726229970229292,0.0032483994436977763,0.0,0.0,0.0,0.005742338792725243,0.008144382546744138,0.004066789468089057,0.0006085302098844899,0.015240861551242046,0.010117354065792417,0.008642487335281389,0.0,0.011862220823303807,0.01393621639000685,0.002387155162292956,0.012443700801588197,0.00834448569986338,0.0
129.3677049,0.0,0.001920782445221973,0.004536423768987336,0.00016326378927447065,0.0,0.0035150880259600392,0.008899381583898342,0.0,0.006131506620178606,0.007345195887244414,0.006687708972711912,0.0,9.021052884097738e-05,0.0007209763062472081,0.0,0.002490594746872571,0.001939296892785806,0.008606914547494718,0.0,0.001452293933170666,0.01251542015112937,0.0,0.005252465477893066,0.0,0.003218411937078197,0.0034260353417849836,0.0057749763104179615,0.0,0.0036793493546749775,0.0,0.0007118392865821669,0.011743171098826017,0.0069811715996104095,0.0,0.0,0.008546299449084978,0.004189441217416482,0.0,0.0,0.004282513368918665,0.0014931321155769988,0.0,0.007315841379654666,0.0003020239148227103,0.0,0.009418032138055402,0.0,0.0,0.004264481823746352,0.0,0.00465144470018551,0.0051060355675664176,0.0,0.007250284152774771,0.0,0.001184383189913243,0.0,0.0,0.0,0.0,0.0,0.010856108341101038,0.00015732127688199653,0.0010756000974279495,0.002859366582022536,0.0,0.0,0.0012814932781685016,0.0,0.0,0.011009082982187389,0.0,0.01471294559073158,0.011799680771036604,0.002489888302252563,0.0019241517493208836,0.0,0.0,0.00806723290259513,0.006538292010195134,0.0,0.0,0.007334493392407009,0.0057309297881158044,0.0,0.004234938507252266,0.0,0.0,0.0,0.0,0.0,0.0005451254445941773,0.0,0.0,0.0,0.0,0.0009553488750471067,0.0023404237183326446,0.013161804645589546,0.016622743016733537
138.6824324,0.0068293626308923785,0.010176443205843442,0.0046244344074178115,0.018654286700639455,0.012418564293178518,0.006887514915190928,0.014949346800438077,0.0034512517766508237,0.0013137557908343873,0.007540759072291979,0.00447301890640923,0.0,0.005752956139587009,0.001935403909503852,0.006699372836293827,0.003930534560124129,0.0,0.0020786446800254935,6.30540487068917e-05,0.013956525308842036,0.007692687623608266,0.0003661762558138486,0.008973960801985103,0.014755492739009193,0.00590287253329746,0.001666987764354904,0.0,0.004216897166635267,0.0,0.007168739120838578,0.00873686194810571,0.0,0.005813564996074759,0.012821784962053683,0.007580289148460927,0.006181396979176246,0.0,0.0,0.010105623004759826,0.01208154767377476,0.005416547423256076,0.00764796317984029,0.013369503664096713,0.01617365931601499,0.0002498706859810386,0.0013699853652970216,0.0026510969306945357,0.011420513046597098,0.011757836849513061,0.008931280795985493,0.00505385748723421,0.014497278691873521,0.011768657610656753,0.006780478796491582,0.0006269549064614162,0.01215931915890121,0.0018130883784603933,0.00944539382517365,0.009003768739744768,0.010296329704614957,0.009036104558207336,0.009151200892867651,0.004034925589725468,0.0,0.011591063477705457,0.006327231108498662,0.010757577673531835,0.001304519733150069,0.0028131910154686373,0.002819270863956753,0.019389609668906932,0.007959481695479775,0.010957228748102715,0.006292773549127063,0.00340905723632431,0.0,0.0036900445027897464,0.0077835577250885395,0.012572311737470839,0.01599007104556255,0.005792161470355156,0.01227927813852878,0.0009353125465777845,0.009430026092626668,0.0,0.007094336390407598,0.002050292869403704,0.004427258223305489,0.020324694813001146,0.01100071469134581,0.00768998013171478,0.00875422467374969,0.005808497782687881,0.01635680771826887,0.0016251434219284478,0.004157759538364893,0.01010184510271163,0.005794077039134275,0.005793329118844416,0.013477417257073129
150.3378378,0.0,0.005239155124738636,0.0012832041924670334,0.004826975573656835,0.0,0.0050525066204935055,0.009670089218325363,0.0,0.003917147867374966,0.0,0.012337574398683,0.006223387554729651,0.016405866152589172,0.0,0.0014711264865683883,0.001970629602499641,0.0,0.0018236125817327287,0.016110953394939637,0.0,0.00887596656012473,0.00024798646082373774,0.0,0.0,0.0070754389430183395,0.0,0.00558823494266022,0.0036351776796372977,0.0,0.005312850040601906,0.003390858892834593,0.0,0.0,0.008275182860739208,0.0,0.0,0.0,0.0,0.0,0.003859797623257553,0.0,0.00266068871310371,0.002955414831634215,0.006105437797214258,0.00443837012983295,0.0,0.0,0.0,0.007445636103361481,0.0,0.0047578013932332575,0.0029515112790269643,0.0,0.0,0.0,0.0,0.0,0.001663582776499513,0.0,0.0,0.004553379314183362,0.0,0.0,0.0,0.0026700225346351887,0.0026250750023781083,0.0,0.008100072284961346,0.0,0.0,0.005099803628346209,0.0,0.0,0.0068385449446661025,0.0,0.0003932798113679745,0.0,0.0,0.006713441753269872,0.0,0.003034928134014026,0.0023442711690066847,0.0023187536866341773,0.0,0.0,0.0,0.0,0.0037683278255833284,0.0,0.0,0.0,0.00037746422921856746,0.0,0.0,0.008493243374294695,0.0,0.002307097308578255,0.0018384457274264589,0.0,0.004608571578007999
163.0067568,0.013195222976958234,0.014894756905031956,0.0060817160291539545,0.014883912658788565,0.006375507203195442,0.01699030750934337,0.018642630700839373,0.011265223360339666,0.017524068951824394,0.00953739532473989,0.028015242922376074,0.013174187840454411,0.010737792048545042,0.010281250890332917,0.0068070351533242035,0.012191627006907964,0.0076498341679487455,0.01241252695900386,0.01887775916494123,0.022261443798733342,0.016289065038207682,0.018741678777811153,0.014458482621242828,0.006705521496227987,0.0,0.010598168980537432,0.018579356084346386,0.015814254161776335,0.02323743782585728,0.002258618462545726,0.02146356277922864,0.009117181047243612,0.023185838714086103,0.008106376025005396,0.017953438989958822,0.0,0.004289053982104246,0.020616690447777444,0.008962362756571092,0.012365570102113173,0.019938775580434744,0.015647238302489378,0.011619146471503236,0.01542316666752105,0.01498101995697255,0.00977513837027974,0.01762182880365004,0.011555418495904609,0.0,0.0061690558684007486,0.011215114696361786,0.007802602540658488,0.020009015193075436,0.013334295899554717,0.012846448062918504,0.022205672033912133,0.0031243224614373507,0.021393647224180863,0.015930461442020524,0.013813268847048856,0.013736796152148421,0.021053907745118998,0.02223136231755677,0.012096619377410963,0.0063050704733361865,0.025876392633714183,0.007812632708700522,0.011458606907887192,0.015761557973208676,0.00457002546573901,0.022614390317041277,0.01597267981030303,0.023476465031688633,0.026500311113115037,0.012334791670850683,0.004342867826512525,0.014659858326128155,0.013691035497268305,0.010731462224410942,0.008099921607020066,0.01671250881747588,0.013378303316446053,0.021569217565502025,0.012207760230055873,0.020199776984695165,0.022923498495270103,0.000445641266449923,0.023114153997481696,0.008954446128326691,0.011784800973048879,0.010924338692920482,0.01180922900926865,0.010286789816957185,0.0,0.00025943581486812667,0.010102418674500046,0.009845945395007714,0.025419745824139757,0.005857399088204033,0.004182608818959016
174.1654703,0.0017735813749543384,0.008644563095387997,0.0,0.01323864456246989,0.0,0.0,0.0,0.02057455961628834,0.0,0.011909216221137137,0.000472731417202226,0.006971468685467195,0.0,0.004898874783262609,0.009709561962751141,0.0,0.0,0.0,0.0,0.0030507606954250956,0.006643018602895244,0.0021702434182107274,0.0014735316770100337,0.0,0.005991635243456269,0.006063289442888105,0.008028205688746076,0.0,0.01599223207509305,0.0017361827076421627,0.01118622329072383,0.009310573026787825,0.0,0.007817457984961475,0.007181765438964144,0.0,0.0,0.0,0.009732374860885325,0.0,0.0,0.0033614654827255966,0.0,0.006598779750628903,0.0,0.004733709751319827,0.0,0.009685736922079578,0.0,0.0064801784867772405,0.0,0.0066818527783985985,0.0,0.007846582845532928,0.011698035545320088,0.0,0.00236068295885876,0.016365947274743595,0.006394078640458497,0.0027825470027330796,0.0,0.0,0.005993150526150823,0.0,0.00026115659092552815,0.0,0.009768888491967246,0.0,0.0001847648990337626,0.0,0.0,0.005058315382037072,2.948909081703136e-05,0.0076266263178018595,0.0,0.004540475814093601,0.0,0.0,0.019155220820790474,0.002357770906437953,0.001870677519357982,0.009522604045626673,0.0042034768594207145,0.0,0.0073134815132276584,0.0,0.004804183749111364,0.0,0.0,0.0,0.0,0.0,0.0,0.0013837998117047848,0.0,0.0,0.005955335825645354,0.00620391555638976,0.0005913478134867011,0.0
180.3266026,0.003262540330350932,0.0,0.0,0.008002816180764843,0.004096569138116656,0.009056231159414039,0.0,0.0,0.009968868878652743,0.011853872506100559,0.0024085839299758283,0.003370784333216159,0.01871664396375728,0.002263573659248664,0.0035654282164633987,0.0029604457392123306,0.008450842610553795,0.00753695397553234,0.0008212413056196723,0.003086065590000394,0.010835460539700782,0.003589750581155541,0.0040592354329378015,0.0,0.012237741713814433,0.0,0.002733511534863444,0.022011338489457025,0.010180210181812374,0.0011646308998567553,0.0,0.004713918635858865,0.0060921720952647005,0.001886860466317672,0.006929962583589246,9.707775544830688e-05,0.0,0.009366541429247803,0.0,0.0,0.0084152649515718,0.0,0.0,0.0,0.012682440633019494,0.003428371083345892,0.0,0.005218758730644651,0.0,0.001860889913663012,0.004724353870005663,0.0,0.0,0.006751929923237537,0.001632899394169485,0.004685071406809723,0.0005915595022239445,0.0,0.0,0.0,0.0,0.0,0.0,0.0020430046775632375,0.007458074013201558,0.0025628212874100275,0.0,0.009550956524902517,0.007624202753792683,0.0018231638755758987,0.0,0.0031445411730050693,0.00440033156777759,0.017840092340141566,0.009683390378572267,5.0008751275980486e-05,0.003054735805797912,0.0017807798937090114,0.011497015161450212,0.0021163120565942696,0.0040677916705248165,0.004484343830385182,0.009683703750878597,0.0139041794982202,0.0018392862410826578,0.00880300843294042,0.0,0.0,0.0003192147880812825,0.0006463215589224912,0.0049261657946507815,0.0,0.0,0.0008772448743515123,0.0,0.0,0.0,0.0,0.0018714864371162233,0.002935714021436063
186.6604769,0.002773482011883147,0.0003602388320251876,0.018176887830854485,0.0,0.0029367970744064243,0.007804536343873023,0.003983917062419812,0.004977177790843978,0.0,0.0,0.0011808083482912368,0.010582349840918708,0.0011642760356982923,0.013945256504094485,0.010140059022005132,0.006864988866203802,0.0032457496969504522,0.003457118700925209,0.008347839656675432,0.0,0.0,0.00797197985651507,0.0,0.004851348877473922,0.006039840050917547,0.0,0.006751658928727727,0.015913082886175958,0.0035371595794112575,0.0036152657953635856,0.00023250725280877594,0.0015703978215929767,0.0,0.0077628846372006025,0.0,0.0029959860740343624,0.007365786798263058,0.0,0.011624077677753433,0.0057202703448999085,0.0,0.011851005771470528,0.0023784242528709547,0.010236348157743014,0.0,0.009869490723318185,0.008212240849545284,0.006984370484150918,0.018350741976048447,0.001031748132211768,0.0012449068849076557,0.0,0.00838268190819268,0.0,0.003939846033606486,0.011824476806539023,0.0010964780204890086,0.006648934221785729,0.00786865636023137,0.0020115182155798616,0.0,0.0,0.0,0.0183405258228231,0.010842309654605527,0.0,0.00010099141013352039,0.004034562189838983,0.01570252349791142,0.00293612286617078,0.0,0.018244259750345715,0.009023653314544307,0.006726875573068803,0.016760364030149737,0.0,0.010016311666384739,0.004135294621618768,0.0,0.0,0.006097808824558569,0.0,0.013029116388740037,0.0006708261479013667,0.005024539012560555,0.006449580321302908,0.008382067412473486,0.0,0.0,0.008840588541843407,0.01180545618121848,0.0,0.004164623933192538,0.010218260702227765,0.006469478184859546,0.0,0.012764779953201709,0.0,0.015588395066121703,0.0
192.9943512,2.918347990329192e-05,0.007244626907811015,0.0,0.0,0.005962408298875166,0.0,0.0,0.002318527451817823,0.00782625079641044,0.002477634250776745,0.00523983808583105,0.0022848212170338863,0.0,0.014048811562751805,0.0023619786617118453,0.004691928695965524,0.0,0.003386240721013975,0.004984292900749292,0.0,0.0,0.0014768756019160499,0.004826873101827402,0.007298130391252044,0.004890908645790026,0.0,0.0,0.003961634538786862,0.0,0.0,0.018524828747355653,0.006365380367923944,0.0062152925494944914,0.002616200706259947,8.233058819646295e-05,0.00010144205396591605,0.0,0.0,0.0,0.008274811112308423,0.008523885501561742,0.002511214515054613,0.010170357659553007,0.0016111737512305524,0.0,8.137400066639105e-05,0.0012769614368271676,0.005044971493525122,0.007269100013064249,0.005521277313494653,0.0,0.004214630385730475,0.0,0.0,0.012679487960697088,0.0,0.0,0.003936651031361158,0.0,0.0,0.0,0.0,0.0072505312204180885,0.0034271133061898706,0.005680258306564167,0.0,0.0,0.0,0.0,0.0,0.01626464458689403,0.007518199199352835,0.0,0.0021297025534056857,0.0,0.00021182610107249843,0.005858850796468311,0.001124162971938127,0.0,4.247730455487785e-05,0.011601031978422528,0.0,0.0,0.009016542910046669,0.006467279818506816,0.0,0.0,0.011723744309111682,0.0,0.0006415743886362108,0.001816723277081669,0.0,0.0,0.0071102792479972605,0.0006485070276091722,0.0011811120657756742,0.0,0.0019584196813166805,0.008935785082253442,0.0030410754702106467
199.3282255,0.005671061842526018,0.0,0.010106769560034836,0.010348275530687887,0.00291149551340793,0.0009656131883575732,0.0,0.010039506837642518,0.0,0.002513234351426813,0.003218529429047884,0.003456718979019007,0.022437698061848976,0.009096510285738737,0.0012788961586060552,0.0,0.0,0.013556914889322261,0.0,0.010842809344818356,0.0022723010353846895,0.010948213546223388,0.011161008324792443,0.011506202408829427,0.0006678315906830648,0.001530881627030474,0.008363111908146231,0.0039530311959774965,0.0040076568903794985,0.0005865385126171416,0.0,0.00920675400702421,0.0004435408298681673,0.01943785412345188,0.0,0.0,0.0022991121002693465,0.016476390931181792,0.006507726369788498,0.0,0.014217899380688397,0.009726766588642442,0.0010329545565423157,0.0,0.0,0.01840961748645825,0.001072056414814196,0.016523862572431568,0.009489089742451644,0.013652782550101265,0.004162403934659246,0.005544456193774298,0.019599611875347474,0.0006386797359302478,0.011404501610420233,0.010221911557616264,0.014477360545997704,0.003053970834828651,0.004350108656467356,0.00966088803807367,0.01076997254495145,0.007493191586398246,0.014043446367523374,0.010585331614575103,0.020694050856856827,0.013001632707031046,0.014929913568431985,0.009776435125841112,0.004826509828220771,0.02015155402936844,0.00835803102199804,0.0036135607115837486,0.0042323909748198316,0.002576783055344892,0.014760795782392352,0.0,0.015001225539327163,0.0040783009383768085,0.0033994823695049745,0.006324441356464419,0.009588404584628778,0.001138327841471617,0.0034097720806794043,0.016479002840881704,0.014346161848395371,0.0071510652351125205,0.0,0.0015284186537685542,0.0,0.0,0.000994605358544686,0.007145279250057699,0.013079755210954697,0.009536346006775038,0.009723597093714117,0.008507777871815479,0.0045430924581485455,0.014220692431715878,0.0013566688757562567,0.0
205.6620997,0.016065936214217515,0.02005616062368065,0.01525852789205386,0.0236187527649248,0.02132794412483308,0.015148928758008223,0.015295028446382787,0.003126731848935301,0.02199590044582332,0.023759895608674652,0.01120896365272266,0.014688599403643537,0.016582718857004932,0.008106317661596654,0.012114829969669475,0.015385237381820899,0.014930398143155164,0.01021279334070702,0.01936867946304305,0.018696748671997897,0.020961761998476734,0.01852228740440589,0.019991208593542552,0.024601782174455425,0.01020669401321491,0.022539468846665578,0.02397524572871574,0.024077212080146543,0.021587935042348037,0.012739537188698732,0.010041891027281914,0.00940498629139079,0.017681738511330338,0.022128959826219118,0.02933614965316563,0.02507811609165644,0.01188472182973533,0.018046140202502028,0.009728809793813485,0.016746701837063067,0.007006280953905724,0.023021546281657736,0.015570991377396646,0.01760780211444784,0.018695929650225925,0.01887751086342479,0.00789549078911642,0.01829065932450981,0.02516890303799589,0.015789467094411765,0.024379087775042177,0.020700676068696054,0.016508125233586107,0.015241561918425623,0.019009230409003434,0.014130215486260669,0.011985045624562119,0.011364762713586666,0.013279129092500794,0.015198501599450036,0.014870368709833836,0.013882533905701792,0.011928845802621513,0.018243708001778686,0.01890103231429113,0.018958140185284533,0.02760683078601785,0.014717728939174694,0.005589542401365671,0.013135851246722723,0.014407381763167078,0.014081112293034891,0.003523836992141533,0.017578277704906598,0.02274420207317368,0.015349691148493098,0.00632588187781139,0.024331601144599133,0.02103619719332293,0.0,0.01724384870808878,0.019255032891806835,0.018371535659059496,0.019918976031556245,0.011212849398022522,0.0221832797242732,0.02112246178594425,0.014102872526085039,0.00849967236642261,0.015680955670550778,0.015369641547765376,0.018546724876065814,0.015547223133554,0.024119673215150045,0.006932284083899469,0.010632369139607327,0.03009299821680963,0.01283811703138597,0.011104636065176435,0.025291650055335457
211.995974,0.0013930211542602863,0.006402841536187453,0.009159494526768536,0.0,0.007150589105141791,0.0,0.0,0.010821449807804497,0.009194038025120935,0.003928645905975701,0.0,0.0,0.0028996694510593367,0.011371038898620145,0.0,0.012729718181363224,0.0,0.0,0.0,0.0015430770582042022,0.0,0.0016371681955186328,0.0,0.0,0.0,0.0,0.005125229843496287,0.0,0.01282216897793695,0.006765614001725469,0.0015089653606643087,0.0,0.0,0.0,0.0,0.00916483564631334,0.008190811106198861,0.0006777867013626546,0.0,0.0,0.0,0.0,0.0,0.0,0.0,0.0,0.00919466856003221,0.0036041885680574335,0.006287123703023576,0.005650607482057492,0.0,0.013756616741020002,0.0,0.0032484981689324026,0.0036052857845789016,0.0,0.0,0.0034819629737641218,0.0,0.003912136482110311,0.008709293587123497,0.0018249144624131416,0.00014813560911857392,0.0,0.004761653698754779,0.0,0.0007296131592077382,0.0,0.0014497007496919148,0.005847808648046644,0.0,0.0,0.00461100484583399,0.0022778042555838436,0.003921668187722988,0.008570449545930753,0.0019883124002159944,0.003282176796699549,0.0,0.011823850726952896,0.0,0.0036076951714796163,0.002876099444230374,0.0,0.0,0.0032324284257886017,0.0,0.0,0.0,0.012264831200856564,0.0,0.0029938721929141264,0.0,0.0008939118014367942,0.001502845705643795,0.0,0.0,0.0015818994929929888,0.0,0.0
218.3298483,0.0028679392788184804,0.012368346011217383,0.0,0.0,0.0,0.01448311080259129,0.004487067958275102,0.011850039065233974,0.0029782222106225164,0.0,0.0,0.0,0.005212349674678068,0.0,0.015492339962932932,0.004194782279168008,0.002542019772773389,0.001311507609618486,0.011785835378309696,0.008142318528540152,0.004332654131386393,0.0,0.006888064808180703,0.003638235207725759,0.0,0.005631535568999603,0.021573771675931545,0.0,0.0,0.00769515781930382,0.0,0.007890866916753517,0.0034673765579043437,0.015071700069972369,0.0,0.0034553542912265697,0.0053383688906473116,0.003671185750739938,0.005397307131958002,0.008515410438630248,0.0,0.020459548497131906,0.006116481992860787,0.0,0.0061394707582907515,0.0,0.0,0.0,0.0,0.003257232753040324,0.0,0.007509855134955878,0.0028131354821741357,0.0,0.0034112447253800103,0.0,0.004191588238041369,0.0,0.006991430739165599,0.0,0.0,0.003158813250846868,0.0,0.012214278349793873,0.0007377281350113563,0.010340646945325114,0.0017254845454862718,0.002194686708670535,0.016249454282965585,0.01050428624125932,0.0,0.0,0.00040554587610164587,0.003295185141684449,0.0021926717354585987,0.0007877274597921395,0.008452023655030793,0.009905921439168252,0.0,0.0034916110742491844,0.011933316717715503,0.009171944904009886,0.006255536308541836,0.0034065026528367305,0.0,0.0,0.0,0.0,0.0,0.0,0.007018581526991882,0.0,0.00516418759059359,0.005072015943408982,0.0,0.0,0.0,0.0033032827800963034,0.0014469668728456396,0.0
224.5357656,0.007671930160185502,0.010760086696025406,0.008717613170334561,0.007241741541910669,0.007414008041019814,0.008899184079731825,0.019025499753114364,0.009749476137181395,0.014797122787166727,0.00449821083259955,0.009367399774603775,0.01472433570236981,0.0,0.004298598941345218,0.0005023158959784326,0.021838440745100853,0.013638255948311417,0.003282698844197635,0.013994915182295252,0.007284399341844591,0.0,0.01802211172380319,0.0059426803565843815,0.02448496539583047,0.0007136699479620137,0.007329784961252344,0.013296445723333352,0.0011294366301958843,0.0,0.0019885994033793626,0.019717778081838395,0.001484938830521752,0.0030469706385399956,0.009325683891089245,0.0049516444462872995,0.004816030778616198,0.010341230841960057,0.0021634195768054365,0.0,0.0,0.013692131600542373,0.003216887060928767,0.020930936445360093,0.004212063915146056,0.00933681231115859,0.014968078390130873,0.00502157657689903,0.010724943349478286,0.006751438476679285,0.010961384937974062,0.0036263369826240255,0.010214840847878558,0.0044877526843012695,0.007891523134029483,0.004038125936742362,0.010092730563736557,0.0,0.0015113142822321636,0.004787799818753437,0.003941974913671651,0.0038611296581699066,0.014418878152344893,0.004266460935317601,0.012948493804129813,0.014564398882068511,0.00661009492302454,0.0011839668675626986,0.009648569020232837,0.018203182197005827,0.01188255908298676,0.008808416416093128,0.0043725076384211374,0.0,0.011777149263629112,0.01252685920684181,0.0032526029132050943,0.013954672186868147,0.0050082911688172915,0.01954922714772417,0.00810561186458191,0.015784481745852404,0.0006628385481070517,0.014996167200605016,0.013028219960551618,0.0,0.007737058581566341,0.007163699511929673,0.008805248507976387,0.003831093702908001,0.006605082573194503,0.0057590373495457,0.016722522371479615,0.0026324818709539625,0.012163575230534334,0.0027685962994919945,0.003817067594630955,0.00043784198191765093,0.0,0.0005701405786846985,0.0064275506833179775
233.5311466,0.03539414562542662,0.027321671109493385,0.029183825473126535,0.040194763304831904,0.02915963480359027,0.02873016225773105,0.04294072452580687,0.03246232836444837,0.030253383046924907,0.03440255039755358,0.027715036282174033,0.02147403036436208,0.034496992848207154,0.03945912063572017,0.03226437674332108,0.03636030971874519,0.0488868529124949,0.03767600540373273,0.029451304279180114,0.03777488033665928,0.0338483207333437,0.03550065920445806,0.032662202874019115,0.03319476247584082,0.040710089031497775,0.03156369820826328,0.037791300269478335,0.04775258846220836,0.0347947032481565,0.03820423363421394,0.0481187002295619,0.033049956509052056,0.04069296520789045,0.030995005490254923,0.02287007083887169,0.044489591233971004,0.031935817003213296,0.03525850131209457,0.02755085179852162,0.038828953779128324,0.04354060742864445,0.03661313328022131,0.03894127500175372,0.037533366827542915,0.03479029997157018,0.03194610385175217,0.03209166085609487,0.040672812806979826,0.03714490146201653,0.043821170422916916,0.019591609916961218,0.03392346234489906,0.049546807704555176,0.04734602112289973,0.04810875036497433,0.04084991965131717,0.03355730194314958,0.03853033361410628,0.028092272118991988,0.04231507100367092,0.033347322416183905,0.04104772356371216,0.02813264992314851,0.03198856315921426,0.039500040122334684,0.0329707206479297,0.05330724116229183,0.03369646693687216,0.0418986341090007,0.04491169866074734,0.038842139789279646,0.03216374149678985,0.03996616674171565,0.042735059527515426,0.04119257174002293,0.03332105285846921,0.03447788292345317,0.03620853361103557,0.030006456154839583,0.03855991412604339,0.03960091010200234,0.035514170379026516,0.03389800581034048,0.03387703251848261,0.04569476232173005,0.03972930707176231,0.04550183943184335,0.030747320416079565,0.01901341464160941,0.02856662191921308,0.028008097874272705,0.041544768636243554,0.0401093765652772,0.03495647335268469,0.03688682378570576,0.026428670668382434,0.02933244742355895,0.03375943560247389,0.03536532704961114,0.04839762040021335
239.6346982,0.023489111994492405,0.02244550685523127,0.024401332244672058,0.028511400273135173,0.016034784636167167,0.025441665170543297,0.025892662485986432,0.03162080889172929,0.024987724794645602,0.016300938815761955,0.018187257959394583,0.020112557608994584,0.0227442988946664,0.02921783916875954,0.02435881892423191,0.02500813407686016,0.03115974316737559,0.03141694978448398,0.031167562464659862,0.018472227361504646,0.01918578553925063,0.023541516289710893,0.03264987558838986,0.0091913277213601,0.0157096819654065,0.018793464456807213,0.02499311381784671,0.02183286914246344,0.02104186977637116,0.02566877051441043,0.039349269065076305,0.022418098401316665,0.021044113791401007,0.02206029933430025,0.02723030669582688,0.04750266164885565,0.021169664620529393,0.020867143312102213,0.022037262086917624,0.015779290372081086,0.020720382600211893,0.023916915716653896,0.00945332015658125,0.026207292262582373,0.019746020757790424,0.010756759908143091,0.03787426254678815,0.020530310639946384,0.02649902112037449,0.015508292560986932,0.035780116151078296,0.020265599226154365,0.020261324098697013,0.01704110440906101,0.021794484995269606,0.027112321683436177,0.02480454627013167,0.03068113962478511,0.004950597750220102,0.022865577898077354,0.021469879966093168,0.023502461355814314,0.02525634784693633,0.026097795963170044,0.03723790757305522,0.02245239439948921,0.02305205881302926,0.02803567250404397,0.028631439391737422,0.021760805054518082,0.028173521021219207,0.02607587794665237,0.024493420060098574,0.02830311049015215,0.02627503185328751,0.031230647030340133,0.023448521027735016,0.020425693014339056,0.015397584525167948,0.02563027473831707,0.024620748471960312,0.014151144474437828,0.018841085218807695,0.027853488072362088,0.03551912613777753,0.022995885012976894,0.01756575258389955,0.02093497801391765,0.025388793145210194,0.033820889065167316,0.02836921563377715,0.026660763673621413,0.019918568145138475,0.014972863326957447,0.02457509330534184,0.023989446982662848,0.009071828865077146,0.027541938123084555,0.02670513509829524,0.014445923957671277
248.2717995,0.03861967208320247,0.036294568497092526,0.040552978568177966,0.036199075951457736,0.025300851883864824,0.03179989387772204,0.039366477815552414,0.041942302642703565,0.04165618847129492,0.04011596267099746,0.037002932016024295,0.0289753377457162,0.03616257500503673,0.03162116697233633,0.030991401300656207,0.03466738833450356,0.04070444016178351,0.030598328043164653,0.028472527463929087,0.0356705448965023,0.038775274667147516,0.03771377449449671,0.04561088996405791,0.04367372666108331,0.041659635385766745,0.03740973842385275,0.037081226842820794,0.041207683856205574,0.044425103603637654,0.04260425339619097,0.022164922038753282,0.03624562389217466,0.04203949212504116,0.03849329062846808,0.04654122526345119,0.03804995736544034,0.029377004767779574,0.04825651785039409,0.025450165424238856,0.039347610522235905,0.0350608250173696,0.042316443259800184,0.03739209653115011,0.044255866642540304,0.039920606132208956,0.0282756748122692,0.02670860211202581,0.041993740087248224,0.035090801326662535,0.03881336052542709,0.03558371983461995,0.0306227731887077,0.04901405024138953,0.040685667268310945,0.0548569154113016,0.04487931551585972,0.042295116586408825,0.043431341346131885,0.04633854356029804,0.040573309804847635,0.039325045066370426,0.04699249204176109,0.04095468852832483,0.04044648808306956,0.04021902705464895,0.04340434592338143,0.03342736905757677,0.03137226119646643,0.032806425519551194,0.045510106617842626,0.04328977948343463,0.032861838869620345,0.053296969312908934,0.030186402316141468,0.036396343058409636,0.04666563091540868,0.021555716140893123,0.03493043741709126,0.049565329593819395,0.041438147722678016,0.05461509622238815,0.041358143974629204,0.040663417342728284,0.0391635669125909,0.03935456514245901,0.04377119423747827,0.042079121170897,0.038978078444749285,0.029472853907157356,0.03937204320847467,0.03939554950315659,0.035524427778576076,0.022885109400861012,0.034545568830808185,0.05174980731584848,0.037499658459541035,0.05126849692571148,0.04033348716707216,0.04461352693240589,0.038723670404581245
254.6056738,0.04224663944685658,0.03667077137245079,0.043354194377422446,0.042866386313232675,0.04142046469467772,0.04229805952384024,0.031153970283496403,0.0407348379943648,0.04210168164865909,0.04967160994117471,0.03714294953686896,0.04885539690188551,0.04586112764871838,0.040600256658138364,0.04111156880219275,0.048404457601239806,0.0382162081619886,0.05032424557547475,0.046916926790287014,0.055442615100464006,0.035271248694161206,0.050501605108473846,0.03791846350807833,0.034911914107372044,0.039079052152714636,0.033734333921488474,0.038758794258671125,0.04731884185170525,0.04503282708836201,0.04217502895277429,0.037285646576985784,0.054113968388727826,0.03861220545097807,0.048122119366307614,0.04857054932894188,0.04519258812533503,0.03983549907795995,0.04995692068730102,0.04096895244083297,0.03623493178007358,0.02888904135449099,0.04154102281622969,0.03581529290382927,0.04356480206817211,0.0346504519030574,0.0435871738078092,0.03963500175090153,0.04265658410615273,0.03720352390293244,0.03925107506764633,0.0477413331348837,0.03957666998755007,0.04011345018859808,0.053475007856714336,0.05428400661396415,0.04196803550930348,0.04183883037154294,0.04719724607963776,0.03939906424732399,0.046147279094820415,0.035969868100070954,0.03687403124311836,0.0315872585340226,0.03888658275281473,0.04381971901844888,0.042867392349577926,0.03918123894414642,0.033965726853859936,0.029930726594243205,0.034903326636104626,0.04659910962158617,0.045161078257878615,0.03711811256573494,0.04433735742886452,0.04205302550780852,0.04035066677524746,0.047453717904267785,0.04161853567116386,0.05272609147854999,0.044583827449664104,0.04689535745639785,0.04013480655359128,0.05656687926842485,0.03450198932764468,0.04858115771902351,0.04479218810648951,0.047620548071790794,0.04907640215453837,0.04938283913086296,0.054273138922188435,0.05795905135712262,0.04802058888483885,0.0349272905032581,0.039052311959412105,0.04830394864801286,0.03661804580371031,0.04816700507547195,0.04034677601629004,0.04709992918959571,0.03601068811215211
260.9395481,0.04814149620264176,0.04601667379362091,0.04181872796885048,0.05143613480808843,0.04850002222424216,0.040468392226101595,0.0434977172566266,0.04342729278432081,0.04095951321318783,0.056425493075597355,0.05563093108957179,0.052169276992687134,0.052949962308668996,0.03762271039172902,0.03383423471601247,0.045124201984830664,0.04588608063301405,0.04915949117778557,0.040048415110816867,0.038012373445336985,0.042694962085852356,0.046599022999873646,0.0489443658488485,0.04803505145131265,0.051234976244961344,0.05387469115182064,0.050255132087793274,0.04496683069239246,0.05915702630952818,0.042583905477765104,0.05209852554433693,0.04297371998699023,0.04479956657200683,0.05372893291269828,0.045699914670330855,0.0406487703650242,0.05620775618189199,0.04931078980721415,0.0512484416210679,0.04849682323755313,0.049861657402093834,0.042127519350266915,0.059291178799087386,0.057872111835694955,0.054509145292050296,0.05390182484172858,0.036013509849654415,0.045877319320184934,0.05433007263171605,0.03853808683272348,0.05180642706619146,0.054936734694520886,0.060751386085013855,0.040821145134072,0.05567645413949574,0.05708975649030835,0.053501888767566015,0.0443990404633654,0.05189528607307094,0.04695391955188786,0.053272745366327444,0.05878703667622799,0.04072644878072146,0.03895794714743199,0.045842709955242485,0.05114916342094632,0.05434257548565128,0.04934508777134034,0.05335721873841204,0.045523690854392174,0.06319861150999766,0.05273272340946566,0.05087575753966466,0.04633032852675737,0.05421457652335372,0.05306950889822356,0.048848789789329224,0.03931242817876081,0.05067093073325871,0.04304952737558985,0.05988133068792781,0.049377395499561993,0.038126306846455384,0.06311899638172846,0.043771318799386075,0.043515619656573364,0.04155134613759265,0.045507979980208106,0.039863873050846196,0.05117013106528922,0.046962892299626274,0.04477345142835364,0.054240998692464654,0.05454544351015722,0.03664271321180125,0.05576251604273846,0.04865001422581685,0.0442051869046491,0.040733065434632475,0.05327100303788068
267.2734224,0.06253158948090293,0.0637020223954356,0.07290308898528888,0.05775047451275293,0.0727973885203333,0.06839821753183349,0.06173634531465489,0.07248084083566059,0.0587372243229425,0.05609087700824743,0.05732789986491846,0.06235589572764737,0.05534127580400893,0.05557393890043877,0.07428185689464809,0.06364866163726393,0.05179537108857475,0.06767803613648175,0.05671936700825863,0.06555853767905796,0.07665355634703955,0.055909173901405734,0.06962231361932031,0.06891639286064154,0.05939380501737822,0.06868469963926642,0.06792429985656383,0.06553756663035683,0.07629873471245878,0.06804888068205413,0.060225530675972944,0.0544583827923388,0.06114406354996471,0.06359561579216372,0.06318050522792029,0.055450832709660766,0.06458078571810831,0.06558230514484377,0.06236363503662985,0.0650955061965177,0.07544633481692563,0.06204423232424258,0.057055464774005346,0.05124841020248241,0.057275788814296374,0.058498456948137476,0.0665609876426515,0.05449610402087666,0.05820881401810186,0.07182029649599114,0.05701223572406767,0.07326788268084392,0.06527312203908524,0.04841979258367106,0.06129072864954331,0.05582003355433634,0.06398482302076933,0.05168340091795238,0.057394726543387085,0.0523749302384552,0.0628789765871952,0.061369004653061394,0.061187719790158336,0.05688925188490697,0.07006874140169496,0.07022909438988753,0.05598652550566907,0.06342107436376364,0.0612981822874482,0.06047350808397654,0.062253431997510905,0.0621137070376992,0.05309277880566151,0.057409566963534456,0.059473804562697324,0.06789595479949305,0.062235036598565906,0.0697355578977501,0.06304730813996826,0.06072872883442677,0.05905843396858803,0.06239903896932797,0.061087404221525844,0.05971827100105353,0.06609452842940312,0.061438697338613,0.06442129685208565,0.05673686190425459,0.07529149728812293,0.056039781874165966,0.07052401367369043,0.06294843631121301,0.057378462456752655,0.05490683941004693,0.06799578682728467,0.060790557486564006,0.07085473291031519,0.06696753314473446,0.07554109104964117,0.0762946447282883
273.6072967,0.05553899151536742,0.042938109451820916,0.05426634834373134,0.052876393504538335,0.057911565655421035,0.06653008854794444,0.05253880754913347,0.06233467986982488,0.04529043957677362,0.055597072505722774,0.04911635551915442,0.059923707646320205,0.05142512615902358,0.053511019802007675,0.04364742436412683,0.04942128077988018,0.0493435445461757,0.05544047315377856,0.05700815712220799,0.046606417299510726,0.04601457433571296,0.06451579245117105,0.0531938685275083,0.0623528085085804,0.058024688293073404,0.06115684170304025,0.050038333205866495,0.05898720980776269,0.05400285471224344,0.0495544936758465,0.04915578419071598,0.0610109285679559,0.05926532710848347,0.05679374498091338,0.04902033760262386,0.0566735172090066,0.056068639385832654,0.05744154681266847,0.0604546737923284,0.059741988522703036,0.053844172508837135,0.055986345043578245,0.0589665562498395,0.05287316769005862,0.06551536303538255,0.04218840901668914,0.05293022435779531,0.06547298586444546,0.05758004576668419,0.051139522416905156,0.05421451110092518,0.05724762843627318,0.06074208002141516,0.049228063306691376,0.05279355952066005,0.04621454696849947,0.053853899476012705,0.05355044539343482,0.06068484040004396,0.06354979954318551,0.05905100262362518,0.05765192162941584,0.052421592732848354,0.057459710562678436,0.05191474706316986,0.05766690975279281,0.05242104348831818,0.0644872523221479,0.06091151098897176,0.060142268291017265,0.056400754651834625,0.0529535945625575,0.0632645134990045,0.05405303269619189,0.053730456419208,0.04617585679719783,0.05230018260539485,0.059317609113558385,0.06685560575525709,0.059346186489624364,0.07138589627184473,0.0600922104124325,0.046694071598907205,0.0675713016826307,0.061663512824906314,0.06528252121522933,0.04130020950382003,0.04578529267018117,0.05472816567180389,0.05084398450830459,0.04463707368556476,0.059671904019629074,0.0687736043455271,0.06000740332568958,0.05343558732902411,0.04873970682284567,0.04793517162808103,0.06565591611873862,0.06001809842340213,0.06307316383814002
279.941171,0.06075547126836147,0.06335500697008266,0.06249885615628758,0.05940749526687534,0.0577222272148055,0.05409910697364403,0.06241875643019921,0.05441951352592028,0.05655662331919328,0.05552962709105109,0.06274158079861793,0.0642042958712858,0.057514744495877734,0.04721555616029804,0.05881637787810948,0.047156854937568826,0.061507386678741935,0.07019149086515641,0.06527419922941485,0.06698179646835342,0.05877034724399337,0.06877757404484676,0.059684050139572925,0.06106880439168155,0.056734316951961974,0.05970659695947461,0.06740495521527978,0.06222180328915427,0.0627810941529201,0.06254252056730995,0.055668063132126924,0.06364738367049223,0.060360758938931565,0.06118940541919144,0.06623865613683658,0.0621069998494862,0.05944017355366464,0.058266926989318374,0.06234391281240126,0.06854559000810952,0.057129503942786354,0.06120010298836006,0.06917346890904362,0.07215711985236982,0.06262114152827114,0.058804135568107034,0.050575366289248996,0.04927602897152708,0.04862036427018318,0.051898774396963006,0.06175828216497117,0.06281532948756215,0.062071088757316116,0.05110854759628555,0.05854539960206548,0.049982123371783135,0.05311112878794032,0.06756741640578759,0.0584489744201416,0.05790172866090806,0.07685489004195453,0.05952820342606328,0.0646780530759514,0.06808383489863266,0.07050178777740726,0.06547904236284526,0.07010910532091233,0.07213209892003618,0.058590197692443884,0.059149769109702446,0.0528575366531046,0.0605282475447264,0.07504631382876946,0.059220499648076665,0.05480243309165646,0.060576632664992774,0.057534219450628664,0.07387546006190945,0.06485535838838545,0.06378275249381732,0.05171328397978563,0.05368022178991772,0.06000991562207974,0.06818757076539092,0.07077157967350309,0.061990750803197305,0.06605697726926833,0.06881126426685714,0.06233923514712715,0.050467486778439895,0.06047378871346302,0.061475903469789955,0.04506918792942144,0.05882595823192485,0.05324936679489657,0.059230410343477397,0.06183789209341395,0.0500818154223951,0.06801938022458301,0.0676046533469237
286.2750453,0.05560139174418277,0.06827146671270808,0.05845821366893614,0.053182099861316126,0.05425616753783449,0.055085574307233064,0.05981619531785338,0.07170107136203573,0.05049124415790748,0.06784027150403528,0.054492236142805864,0.049453253807486004,0.057826943268412284,0.054781543112322535,0.058248979623058174,0.04820780579879854,0.054040376647304614,0.0544227451581497,0.06124184188055002,0.04551163821315743,0.04766258841240905,0.050696469456182024,0.04878921792729651,0.06132014622694469,0.04954464185672922,0.05885279811587494,0.04715277010773058,0.051734732831562734,0.05098504677358635,0.05086087219030161,0.05353644783071177,0.054052539600909666,0.04942995932319391,0.05981881218008712,0.05885141423953217,0.052569755538966936,0.057853614149411495,0.04633127080269627,0.04920980795548715,0.05035702055023907,0.04375502038839447,0.05178466388485217,0.05783773403031554,0.04337969964083058,0.06456170499159605,0.06301013136942392,0.04032392732959147,0.06109555042069432,0.0659801197868775,0.0465019517930924,0.05793633237216367,0.0565185793618398,0.05010499348673002,0.057982630471116466,0.05597693649854449,0.05700185809592003,0.06595351671516775,0.05544174113580345,0.05942955880163429,0.05701128266627807,0.06739489224091177,0.05426201113331441,0.06109889150496087,0.06327278240582941,0.06006077429767459,0.05031671146910358,0.06664614380623923,0.062449482820421925,0.06539527500999955,0.056302355234441805,0.051590131767468496,0.05941792357041648,0.06037842063797309,0.054977690365523454,0.04310313834474355,0.04643731484716996,0.06383849866050377,0.04710728576126792,0.05971333637989925,0.06044911981898707,0.0467460898492189,0.0520658286516979,0.04730710987319597,0.056354788863464414,0.05632845604815804,0.05897931624817794,0.06286119921413717,0.0640983964123375,0.054500960976785744,0.05912235715037749,0.04619525591792824,0.053028128470048334,0.052862479279480505,0.051205149397684876,0.04269585551354917,0.054453600204629554,0.05008228969725202,0.05033486394937655,0.060164516537066046,0.06392863344562108
292.6089195,0.05849359123133845,0.055576351996619595,0.06504888279820707,0.06684232934757799,0.04977531892534249,0.06619461773651071,0.06041954736492472,0.061059061102002564,0.05811576936804018,0.05905925884671097,0.05472799136867571,0.06606846423521295,0.0589547647972627,0.0652587287278842,0.0677897582450139,0.06867248780581395,0.05971073570401919,0.04353532031382485,0.054660902629528725,0.0735935427025253,0.06231628516309138,0.05531974910497454,0.056530711314173414,0.06173256688541016,0.057430012034720784,0.05578943818976928,0.053629458337991376,0.06100547750209605,0.05687734380494092,0.05867104304693897,0.06174287489433995,0.07013107623530748,0.05402400035764284,0.06390963870620447,0.06933803208384394,0.054423999053544114,0.060756351395281114,0.061420158377873804,0.07160978162686166,0.05503758761047273,0.061176511369201284,0.06214870686667627,0.06276333593363115,0.06109418356104786,0.058066581969529255,0.06356325085962347,0.05478555215136326,0.042202085783225055,0.059377277545254105,0.048401384907875704,0.06850310119806831,0.05458079678477709,0.04743759582002286,0.05070157798812444,0.05073429777275819,0.055017304798588476,0.04569199828225669,0.05613821543293453,0.062354995558722016,0.05385385137594535,0.050963579143185125,0.06496622289259019,0.05796034648083239,0.05893332612387148,0.05499320353703014,0.06312714151053779,0.05836252077656565,0.051668444454389104,0.0555710153537393,0.05979779807438737,0.062261485042930394,0.056877615922597,0.07034598699089384,0.05545842716979817,0.05358995874918787,0.045634445751089464,0.059705373549651664,0.05971867108154083,0.05623992025081231,0.06343060926176766,0.06309573617254446,0.06259607196071076,0.06313389532929051,0.06400702767255537,0.05945105610285111,0.05449844892641709,0.0672823688132825,0.05433027614870245,0.06417067622669485,0.056865982756477834,0.06402862675362823,0.05788654579599994,0.0668872708769851,0.055351616699017676,0.04550225044196161,0.05543403882306625,0.06103447251017989,0.05889695534429077,0.053872021343498264,0.058642881113539255
298.9427938,0.03303798005703829,0.03302144783513637,0.04116257712860485,0.04426449014667907,0.04003909171305517,0.034339127081125756,0.041024720841541115,0.02666402168121737,0.03093402167554497,0.03402979227256318,0.022420814320491055,0.03797003990573711,0.03945567227296723,0.036974546876013245,0.04312596165057244,0.03867318815129134,0.042764926101859974,0.03303728940556687,0.039465797280091655,0.03011450839042333,0.021950713909371804,0.020659713992392865,0.024058021860349745,0.040458110868515945,0.030126340716163085,0.03187068429710668,0.03729020031772067,0.03874030094798343,0.04103489440554211,0.036426816156837336,0.034567879030343744,0.03741746858134273,0.04014685224482292,0.0348075711389653,0.03706493820246182,0.03910971443548368,0.0355925638789427,0.03750697500423076,0.024029923563573346,0.027263197475361482,0.0388217859136745,0.03481268080019675,0.03595924036938478,0.029393934824997747,0.03292045109382974,0.0366445290569719,0.03381988102591758,0.03800881721351848,0.04322617249939566,0.03727032304096295,0.023331142080868235,0.03822726009585425,0.02951375751487671,0.02988947858874915,0.0423146437188656,0.031294038611091736,0.0279451641718647,0.0296729929084232,0.03612271643833998,0.028354950513124567,0.038455224194843624,0.02843678068509945,0.03373350586279518,0.029817002054936568,0.031666908160607486,0.03402471666663163,0.03046818240137887,0.04170196435422534,0.036962972515330456,0.03213542849974137,0.02477843937939668,0.04201091145599848,0.029792187392712412,0.02633132040709516,0.03850183515588142,0.03201235635188483,0.03798258207460759,0.032961106863338925,0.033551706840187503,0.03789458662901988,0.03336088599285031,0.04031356320784386,0.021451606302031263,0.03321418935497312,0.034935245653606596,0.028816741106967612,0.02346248091534211,0.039272008105658424,0.02750767319098942,0.03174264252578977,0.026591714728576504,0.02904731428755827,0.032015091166303314,0.02373059800946544,0.03434573884635696,0.0438824277835757,0.038867117502432824,0.04423365212930448,0.04295979975772248,0.03722542882408371
305.2766681,0.05218890479925094,0.05267857042247852,0.05549043836480431,0.04805386329681585,0.044722157483699045,0.0626105632939611,0.05864819830646258,0.047930328769750744,0.04844576708701716,0.05273209505122119,0.05573065649944313,0.042192046350286734,0.056503588367041016,0.049958563556638774,0.05823013916832033,0.052522755855019636,0.048297275710072196,0.0474049716217224,0.045551448207835535,0.043094282720155086,0.05508356083873969,0.04844335323421652,0.04853399214460841,0.052685077658252456,0.05975252114366323,0.05619946435769834,0.03957109545479166,0.05367249816336499,0.0393818012541719,0.05641982337766204,0.06984087069259454,0.059514768324941646,0.05992919565140093,0.05240913067271063,0.0582645775222582,0.043702236710286675,0.05472075074177142,0.0549176737928025,0.04687936043868101,0.05099325089474537,0.05264433577905049,0.05378210325719241,0.0541591676449495,0.05919156902432365,0.04750552859888832,0.05403936009542343,0.04880165948212694,0.049833086915908424,0.04043263522134087,0.0541982190136744,0.045353155505530124,0.05023202375720872,0.04250239297196689,0.05862318318964356,0.05258632343716463,0.06676362596877441,0.050411137395500606,0.04217935468235612,0.057221336000829896,0.048015368285007604,0.049661517100569146,0.042917578284808425,0.0567453825037018,0.05644222413672794,0.05677618948291865,0.06358372890577317,0.05181922138015557,0.049663092644287456,0.0634671807625664,0.04765194118119357,0.0486054729221641,0.05621092309770868,0.06216916748184356,0.04699607955794731,0.04044924325946568,0.04481649001264796,0.05501357427120017,0.0465156533849633,0.04334423520380074,0.054793849233309586,0.049470364079659934,0.06086492060800268,0.04909182080721239,0.056120340466074996,0.061005376023662905,0.05187056802922963,0.05766031910580152,0.06340174603176528,0.04994852422287465,0.05973606374883783,0.05448254685498507,0.05934336197471605,0.05360123440712256,0.044905471604145805,0.05411352354504248,0.05990780714177727,0.05651118862292912,0.054876964530501386,0.04576912573467386,0.04915658459189653
311.6105424,0.026618134356904723,0.02222698126017577,0.028132768303393414,0.029603568320881395,0.0323642906550463,0.03624165245094775,0.028446989966043067,0.022050873310340544,0.031870268670997556,0.022726326756723658,0.023211355004259512,0.018531541211839524,0.035021083766097236,0.022541843116215696,0.01804737422428406,0.0153674191638096,0.031133894430097148,0.0385439023979136,0.028045288917096647,0.03442028744330452,0.02208534854931525,0.014951871493085554,0.02238198549846309,0.04010434481277846,0.02485381117785368,0.028166830181172404,0.025444182884123437,0.023067041489526974,0.02927248583714259,0.02553264735989987,0.041563241224926495,0.032418806829775826,0.02454629744648145,0.036764738741648276,0.025383856582908766,0.022161776700780032,0.02309610190935881,0.026741997441126486,0.021814175624496095,0.02164531564606413,0.02457611171250933,0.03614961449180539,0.029997912705946605,0.013114687239244083,0.034073585002345225,0.018202275569777878,0.021516101121874513,0.028552967070266635,0.037090296136900056,0.030128266037581546,0.03367215119214888,0.04028886852721321,0.03356553780520001,0.022893803871481558,0.019850312397608563,0.02056070802899595,0.029713262606346075,0.028541863244537596,0.023792186388559167,0.028147878245371606,0.016543204295168916,0.025272496105497932,0.024756585944544853,0.02931870694081272,0.03306858774124741,0.016887371643335994,0.02851464029519916,0.03225972994257774,0.03412731648931882,0.0474031193122543,0.020473281287781152,0.03356194095729931,0.018239654557362303,0.04047309356979064,0.021340632405523557,0.03329422590233284,0.03029396030743811,0.02861689061548741,0.03455344294731058,0.035419727257970046,0.04172306863401198,0.018262165706722733,0.02901901597656647,0.02812921303318106,0.036879595410621115,0.021974013733225963,0.021812235772687094,0.01832795514833597,0.020775198088163527,0.03744992734079365,0.02671087835830669,0.029306024723463782,0.023870065699103774,0.017688091664835127,0.02683098022789093,0.02061739473347503,0.026448835205485847,0.024138525857488543,0.017397204893639565,0.02745965225146551
317.9444167,0.02538176812984635,0.029635458250896377,0.025066926516054182,0.032583776248168834,0.025831420342532007,0.02412753392856564,0.027800026742333946,0.03292001570327508,0.028997236032642613,0.028970164719856237,0.02488822821633589,0.02582360703412011,0.01653107143806682,0.03310454843710855,0.028712064607909146,0.026476773477747587,0.028167703238624015,0.03208519505301803,0.02034995006965162,0.03050788092482886,0.008837486764722065,0.025360256664533627,0.027790870978538034,0.016165578659246425,0.031040942055286874,0.026240591912653374,0.02868031471359648,0.03572580484096823,0.017673533548475825,0.02831369701167865,0.017902578363280092,0.017678263024516708,0.035558672455635286,0.027023547507206785,0.03875347620200306,0.02058818238634728,0.024651060884786694,0.03602197440145645,0.039853234888293315,0.033275966749866284,0.03115635672006221,0.03279051089182806,0.023192778934903763,0.03134527584704637,0.024498711989353016,0.029662918544482393,0.024261203020469503,0.03824659631750478,0.01997458466250989,0.03200661175366876,0.0211932670649183,0.01947771679443819,0.018668019872488367,0.02150726777428535,0.023789713684662442,0.019749245132072477,0.02310774137199349,0.03092309926951927,0.025244084478394914,0.023806375693780427,0.028487617640898934,0.0259870683427942,0.008979462867855711,0.02233278557275938,0.016765571094455513,0.025775994419955896,0.026986725935308244,0.02981497581018322,0.025592087619628924,0.024567706732988193,0.026085870539964407,0.030780083592603622,0.030207148380707562,0.024757343690752855,0.028625279394780333,0.02219706476198102,0.024631747660361525,0.01884138874103628,0.013054482961504616,0.026874040496352763,0.03293614575664379,0.027478764950870288,0.02069898408208474,0.019287332857688695,0.02954902256067498,0.0289921678742357,0.03186603096371532,0.0362400330986899,0.021426540557999505,0.03179651979095727,0.022753311500232135,0.018996127294496006,0.025584966073480604,0.026268076294717432,0.015376182083992536,0.02576364077129569,0.02372330272676282,0.025868749764521144,0.01661707235454399,0.024505135469547256
324.278291,0.0,0.0,0.003742224536448377,0.0,0.003873427088612475,0.01137019279439047,0.0,0.0,0.007959150069091802,0.007742389484780691,0.0,0.0,0.0,0.0005425687212297464,0.00523336579384253,0.0,0.010540227848199026,0.0,0.0,0.0,0.0,0.0010699740970284382,0.0,0.0016770845430738991,0.0,0.0,0.003546796973302309,0.0021403061308214798,0.0,0.00270674848443946,0.005501438567154976,0.0,0.0,0.0,0.0,0.0025279833954714183,0.0,0.00435381464767448,0.00474952333052019,0.0,0.0,0.0,0.0,0.0,0.0014743947736630177,0.0008929712105036627,0.0,0.007583198552334458,0.0,0.0,0.0,0.0,0.005842635953331746,0.0006483887880391942,0.015171592899035824,0.007096704688918361,0.0,0.007103765628967642,0.0,0.0,0.014169350954944582,0.00777261854398212,0.00064265219776495,0.0,0.0006552730754117571,0.0039994430312358924,0.002891272173163268,0.0,0.0064622243391998235,0.006120534802331626,0.0,0.0,0.002787883146742695,0.005964183076354637,0.001238456968527735,0.0,0.0,0.004460651087071882,0.007856249516810418,0.0,0.0,0.004365241736963855,0.0,0.0,0.0,0.0,0.001553211902349231,0.0,0.0,0.0056439882916754554,0.0,0.00381533255122549,0.0,0.0,0.0,0.006581034026237668,0.0,0.006946603990146547,0.002893641942903686,0.004189867990073228
330.6121653,0.00013763431508066488,0.009818793641171632,0.0012245860199718724,0.0,0.009023378370692423,0.0,0.0,0.00022303758953684153,0.0,0.002003966967323248,0.0,0.0013808501660576107,0.004752222106948314,0.0,0.0,0.0,0.0,0.0,0.005477904388237408,0.0,0.000116531225297823,0.0,0.005230105812836082,0.014292081493608562,0.0,0.0,0.0,0.0001425036681488,0.0,0.0,0.0,0.0,0.0,0.0,0.0,0.005627948305633187,0.006303867159868038,0.0,0.0019175555657428716,0.0,0.0037438023462461807,0.0,0.00297636857715965,0.0,0.0,0.0020344303504248092,0.0,0.0004437375336277755,0.0028902440347792517,0.0,0.001021870284088212,0.0,0.003116250619052843,0.0,0.002149703569120988,0.0021228391488686896,0.005744005339476076,0.0,0.011582648289830515,0.007310953200345145,0.008187142343991587,0.0008672789018387673,0.005743202144226888,0.0,0.0,0.0008162983041647823,0.0,0.00879968147170224,0.0,0.0,0.0,0.0,0.0,0.0,0.001882931568342493,0.006672416973474947,0.0,0.0,0.0,0.0002445310747085054,0.0,0.004884760652000031,0.0,0.002754633902951707,0.006069225013120875,0.0,0.0072165132993074746,0.0,0.0,0.0005381456464142161,0.0028715934426981706,0.0018374386531979274,0.010562595852000211,0.0,0.0014790777536452151,0.00485385723924748,0.0,0.005859270188973935,0.0011717152601475253,0.0
336.9460396,0.0,0.0,0.0009652994322557465,0.0001739845199403643,0.008793136757432563,0.004497776576641041,0.002808079358729791,0.0,0.0,0.008784667837227795,0.0,0.0017052250528319076,0.0,0.0,0.0063362584289760535,0.0,0.0,0.009519573905332205,0.005911540010259129,0.0,0.008040660112019938,0.0018179415252843826,0.0,0.0,0.00022450547506338545,0.001884508686781394,0.0,0.01065204127705971,0.0025790223384192902,0.0010766622980710346,0.0,0.006783158813579481,0.003049647356716986,0.010026092749543343,0.0,0.0,0.0,0.0011383720991772677,0.0,0.0,0.0,0.0,0.0,0.0,0.007798409304951199,0.0,0.0,0.0004082357831357971,0.0062633934784460995,0.004728074943138804,0.0,0.009446352742716909,0.0,0.0,0.0,0.004832984020089758,0.0,0.0,0.006218015804552133,0.004119428775913494,0.0004883319127210618,0.003980762504906375,0.0,0.005409333672777752,0.0006476869571351374,0.007402369840829614,0.0,0.0,0.0,0.0033695363126547166,0.0,0.0013132710889864872,0.0,0.0,0.0,0.0032869033130185957,0.0,0.0,0.0,0.003200720567274313,0.0008479562426408123,0.0009264412325388714,0.0,0.0,0.0028105366907705226,0.0005419376742165298,0.0,0.0017737641880807811,0.00437594894919502,0.0009122882868674772,0.0058358742083334,0.0015305633843821502,0.0,0.0,0.0007026308358899087,0.003454556615627374,0.0,0.0005003940929566054,0.0015457242697290493,0.0
343.2799139,0.003690811010164125,0.006360253073649659,0.016129829016369376,0.009061075477638037,0.0010074166502555366,0.007532412104921031,0.0,0.0019635133425373727,0.0,0.0,0.0,0.007008289217171124,0.006261864026269801,0.0,0.007870273114338917,0.0,0.0019935614933538253,0.006007855019956074,0.011871391931375696,0.011722085256653412,0.0072160710596806885,0.0,0.0,0.00948116669806622,0.00928814609762588,0.0,0.02237352054094299,0.004317981216623259,0.0,0.007941155969936078,0.0,0.007478816912433571,0.0011138918382261236,0.007854822828576736,0.006075292125452873,0.011397968332656785,0.0,0.0,0.0,0.010486859097780781,0.0,0.0,0.008330627269270592,0.0037844878080029536,0.015981480159839176,0.0019237692677250625,0.011097175337357532,0.0035179167527036523,0.001657909143158505,0.0020666918598037367,0.010321846192722223,0.0,0.0005004374621974477,0.0026300710586938253,0.0036709833683488315,0.0,0.011334623093228573,0.009193967892819224,0.016187221824911942,0.01694146412280475,0.00891360636263316,0.003886621242436313,0.007757664602518101,0.0054155074976790195,0.002206135455108332,0.0,0.009657954248779053,0.0,0.0035266120181724216,0.0,0.005042764332323081,0.002935154922684591,0.0041338027355722175,0.013567631961185895,0.011249474801827728,0.011062585114179636,0.0035769396603781895,0.0,0.006705984511104229,0.0,0.0014426818096801163,0.014535524324926753,0.0017625538501119186,0.009166608448619313,0.00021526102687500224,0.0,0.009651807460312536,0.0,0.009319869310351066,0.0056220746870392305,0.007394209181263409,0.00734323935157829,0.009480712312858712,0.0,0.01222091483043843,0.009193888025232702,0.0,0.0,0.0020302574056262892,0.01190690704288654
349.6137882,0.0,0.0031519111842335155,0.012636155950387237,0.005334264007170245,0.0015180465466408403,0.0,0.0,0.007019892969933144,0.0,0.0,0.007612985666485577,0.0059970156586345,0.0,0.0,0.010231030700590454,0.0025259344487692324,0.0008026490256870098,0.0027527543718717236,0.008484087976409916,0.006172356183083539,0.011896239322594985,0.0,0.0,0.0017493651562787958,0.004353408726089246,0.0,0.0,0.0,0.0,0.0009194952288190666,0.0,0.0,0.004689727346593934,0.0,0.0,0.005696929660755097,0.0010692855611063594,0.0015825045535882757,0.004654889701914739,0.0,0.0,0.0,0.0025257612242042273,0.0036138644973435978,0.0,0.0,0.0,0.004597840954603814,0.0,0.0,0.0,0.0007373589612838172,0.0,0.003950592637632333,0.0019714702613144734,0.0,0.0,0.007841814989572947,0.0,0.0,0.0037547139213196896,0.008637637068524271,0.007366114567941581,0.0001209930457171929,0.0,0.0,0.0,0.00841936090107539,0.0,0.0015082311781285285,0.01350006124863333,0.003374227470507123,0.0029785586562657445,0.0,0.005027232780857863,0.009908998994722881,0.0,0.006213357700307373,0.0,0.0,0.000732302116595305,0.0016093760059601471,0.0,0.0,0.0,0.0,0.0,0.0,0.0037980939135140255,0.01718888933666421,0.004093709106678758,0.0,0.0018105110138504905,0.01089052418300039,0.00047928219674365667,0.0,0.007536701016684967,0.0,0.0,0.008793209716835079
355.9476624,0.0028002849739277007,0.0,0.0014695770825990564,0.0,0.0,0.0,0.0034464320386813165,0.0032900520371037904,0.0034474176618771663,0.017460460700248606,0.003153100396650101,0.0023793159030424255,0.004567657381223642,0.0019246195914030925,0.005334667113976127,0.006232133745695465,0.0,0.003964534160470349,0.002632922942491135,0.0020368727198850733,0.0007102400198442183,0.0,0.009656322466889154,0.010738605299276296,0.003455644574871296,0.0,0.0011246156228024034,0.010541962618502735,0.0,0.015521601255814366,0.005083095683699021,0.0017952474084953858,0.019943946946396854,0.0016200054514781442,0.0,0.00011107408771952052,0.001100228906981746,0.0,0.0036514524953994228,0.003511373079734411,0.004296938259809236,0.0035356438823377924,0.0,0.010115559413821508,0.005079990637726413,0.0,0.0,0.0,0.0034906536887990727,0.0010001137845849536,0.013238406245221391,0.02500589262090587,0.003726376085851912,3.1876125446512246e-05,0.0017792329736755416,0.002993867243292829,0.007939800742504464,0.0,0.007482537885534447,0.0,0.0,0.005379184019543652,0.0,0.0,0.0053874886175095445,0.006230684778697079,0.0,0.0009755802733174945,0.0018182124680593543,0.004683231799024831,0.00045447179066473217,0.017404566167570752,0.0060371800735139385,0.004934935871611869,0.002440120350319919,0.0,0.005490623721146117,0.010644137091024268,0.005602615274815015,0.014753872635830266,0.0020826812380655164,0.004124482321186561,0.0007728099125039367,0.008043763656294764,0.00180048958192783,0.0009097032823252315,0.0014262981732936397,0.0,0.0,0.0,0.0,0.0,0.0,0.005494500126446741,0.0015438933605675875,0.004772425272828936,0.0003645623679396242,0.018008948131256253,0.0113225884217636,0.004717719005872564
362.2815367,0.0016211011586522903,0.0,0.0,0.0036203312190484947,0.0023863648396828313,0.0,0.007920335993522485,0.007557903387575794,0.006181047326128923,0.0,0.0,0.014071306718615539,0.0018342138640433559,0.0032463456445202717,0.012426053383020195,0.005242034302555114,0.010302617765862807,0.0,0.0016947374820353767,0.0,0.009090115010144081,0.0,0.006328405880451606,0.0031999996987858727,0.0,0.0,0.0007977695923276107,0.01015709509995495,0.0,0.0,0.0,0.006171284114274473,0.0,0.0,0.00023039251929878198,0.014180989675921626,0.0033324902467825055,0.0,0.005194642027397849,0.0,0.009583690215468411,0.008158931076795781,0.00028115470768557424,0.009464201043588121,0.008279095167652469,0.0,0.0025578927042663588,0.0,0.00740744603245716,0.0,0.0,0.0,0.0005135193472442874,0.02579997343111501,0.0,0.010955815289244044,0.010197871716894244,0.002447618198961273,0.0,0.001980176751578489,0.003244942482541909,0.0035783548110046638,0.0,0.0052485197321147144,0.004255967902897872,0.0004151849509021952,0.0009690136023716925,0.0,0.0003698166259235797,0.012058150309775353,0.0012468778279434954,0.0,0.0,0.0,0.005952361974981555,0.0,0.004957878854345439,0.004225954500558262,0.006993082837038469,0.004065599775846691,0.00356965172177649,0.0,0.0045364633581470816,0.0,0.0,0.006422820016441814,0.007126944774221929,0.0,0.0,0.0069892436392277185,0.0033596016444862203,0.0001358327802271483,0.0,0.007631569441830844,0.005891585906368565,0.006891125383433396,0.00517981064727915,0.014263760569069315,0.0,0.0012880821297042082
368.615411,0.0005341717924287685,0.0,0.0,0.003183125618498839,0.005531247582633835,0.0008145131322451431,0.0,0.01076614111659819,0.0,0.009818566844991675,0.008991130453802459,0.0006998599976392047,0.004990943172967204,0.0,0.006231385519917564,0.0020704512472157076,0.0,0.0,0.008872771939822522,0.0,0.0,0.0061106948429072785,0.005388715938796763,0.0,0.0,0.002867546856036755,0.0,0.011400055450618984,0.002129297819709395,0.0,0.0,0.01118308437156727,0.0,0.0006329763565395064,0.008316655890693959,0.0,0.0025956977808763637,0.009653685133213434,0.002784050475550407,0.008409122878001364,0.0004369524739443059,0.0,0.010516084269443027,0.0,0.0018848955169275135,0.011584274931278922,0.0,0.008063961922576914,0.0,0.0035841796315285476,0.0008184678653042339,0.004422204902576744,0.0,0.010920791015031696,0.00905463599729589,0.0032238507741205427,0.004138741276371875,0.0,0.0,0.0,0.003399315362667854,0.0,0.005503640390856167,0.002579936092928952,0.014994612549507891,0.010583576676279807,0.0048340722711221916,0.0,0.0,0.0020669882628438774,0.0,0.0,0.0,0.011694665041707271,0.0007002676195025749,0.0,0.0,0.002797628213656085,0.0,0.0028829990057544,0.0,0.0,0.0,0.0,0.0,0.0025822865789101065,0.0,7.4940738573160215e-06,0.0,0.005565381416225899,0.002655678441300251,0.0,0.002674193044561705,0.0,0.0,0.0,0.0,0.0,0.0,0.0
374.9492853,0.003180736746579536,0.0,0.004586428030305366,0.0024961919001844244,0.00446808550184242,0.0,0.0,0.00608510272238816,0.007809036646520488,0.003418604072985653,0.01592911864753961,0.0,0.0,0.0,0.016264461569798154,0.0,0.0,0.008982946618589257,0.00991617701225192,0.0028358610525328442,0.002705871479084271,0.013393281635400557,0.002675952113577272,0.0022402565497745453,0.0012741033210094644,0.0,0.0016089299170717905,0.013094504234734503,0.01063494901104117,0.0,0.0,0.0,0.0014187689640492757,0.0030268202169924227,0.0,0.0,0.003691407575120188,0.002225451869103004,0.01737013136076381,0.011757260372625722,0.0,0.00019287525145424925,0.00652003843998751,0.00819560906181717,0.0,0.0,0.004845994222235216,0.0028934826976524893,0.002361416489526297,0.0,4.772527266494204e-05,0.003569163990268275,0.0,0.00040170995094778936,0.009376007862211176,0.014612992818813996,0.011418037920690538,0.001987074974631142,0.004368530309371288,0.0057759209764702505,0.006594265597753623,0.0,0.005473101420842252,0.003496535460833977,0.0,0.006981711438380913,0.013326315497782964,0.010864781886711403,0.0,0.004220009865123259,0.0,0.008084658059112647,0.004181938647973791,0.014558027158958823,0.016719601685421623,0.0,0.01745166914482566,0.0031190972162446957,0.0,0.0,0.0,0.007445038569346037,0.006265756511861945,0.0003110177238080992,0.0037744941862464885,0.0,0.009398715152901596,0.0021974772465755948,0.013344602487063265,0.004165715693265984,0.002762954496071873,0.0033985974709523446,0.0,0.015513761838576926,0.006137349337548902,0.0,0.007378460461814479,0.0,0.0041060556084012555,0.0008647922362564017
381.2831596,0.00021943276299823478,0.0,0.00627758200471497,0.002122136759949986,0.0019931246931819465,0.0,0.002205542859004277,0.0,0.0,0.0,0.0,0.004301705517231332,0.0,0.00025917069682342305,0.0,0.00806528938153003,0.0058984809711912015,0.0031856855107439655,0.0064104848292196055,0.000764976947419263,0.0,0.0,0.0,0.0019628410856581072,0.016242747643767555,0.0,0.0,0.0003670573830757991,0.004079049775475978,0.0005702236278349567,0.0034207995425299667,0.0,0.005148517813220087,0.010810261550615482,0.0,0.0,0.002316375637172988,0.01473046825614843,0.011556108638596976,0.0,0.007635548378942264,0.0,0.0,0.0,0.0,0.0,0.0,0.0,0.0002727649386740232,0.011400359545350146,0.006169198451946805,0.0038862598984757742,0.002264403538533957,0.0,0.01006360569673901,0.018569066054811942,0.0,0.0,0.0,0.0,0.0006593927533834858,0.0030342743520343682,0.0,0.00856176006944313,0.0,0.0,0.00208668870150061,0.0,0.0,0.0007067697741009977,0.0,0.0009125761405266537,0.005387141885330656,0.0,0.0,0.0,0.005813929946115135,0.0,0.0,0.0060319111532756466,0.0,0.0,0.012673787838763662,0.0023259520233739313,0.0048989602371335445,0.0023673532315917627,4.685660017017499e-05,0.009749205561284452,0.0,0.0,0.0,0.0,0.001856734426918216,0.0017038067172645735,0.00909415181858314,0.011247916795333514,0.0,0.003698330936615716,0.002031886492639398,0.0013053184613924373
387.6170339,0.0013024657822721794,0.004184131441707121,0.0,0.0,0.004279341371877374,0.0036131160707554063,0.0024485129616816466,0.011500685509227372,0.0,0.0037134050092153216,0.003947324410084566,0.010245080536363096,0.0032135945440945894,0.00045529076746340664,0.015111048383064284,0.0027957342494744275,0.0,0.0,0.010564045266597363,0.009324354357043183,0.005432943118762496,0.0,0.008973293367489223,0.001698906389197162,0.0,0.0047009628083048895,0.0,0.0,0.0,0.0,0.0030629914843586605,0.0,0.0,0.0014505494250800592,0.0,0.006294318339404383,0.007562587676996135,0.0,0.0,0.009211037093768887,0.012293881371365178,0.0,0.0,0.011347226253584728,0.0,0.0,0.0,0.002649142111257083,2.6921331764360838e-05,0.0,0.0,0.0,0.0,0.008850766612087795,0.002521951790972466,0.0,0.0,0.0009620460107553661,0.0,0.0,0.0,0.0,0.0,0.0,0.004260794008141814,0.008350735786112007,0.00431756229568913,0.006599074702080466,0.007269603306957259,0.010326516217778109,0.004386881662511366,0.0,0.00114271844234214,0.0,0.0021473317590224813,0.008474734975520273,0.0,0.0,0.0010904171277368404,0.00786250896900281,0.005308296884995414,0.0,6.548169621355604e-05,0.00015038679465811554,0.007276011167183798,0.004373055312033754,0.006448258391882028,0.017092740090353324,0.0,0.004172090612411493,0.0007105643791023582,0.0,0.0,0.00200663869130121,0.0,0.012240536948549749,0.002670853995905758,0.0,0.0,0.0
393.3751014,0.004421954763688195,0.007777195917264983,0.008577195602194755,0.018553680611813624,0.011550265550749901,0.001603816860583216,0.0048001679707121245,0.0033135547584902166,0.0,0.0,0.00271499846651784,0.0085403699374746,0.0009553632933040944,0.012256142612320562,0.0032478922659452333,0.0,0.0063239401417435415,0.003698474648446098,0.004989860943363203,0.0032855800247560355,0.0,0.00847313460152771,0.0020706966080515387,0.00740467796439797,0.015470750570869432,0.008550383742189426,0.009610855111665217,0.0,0.0,0.003993810008612176,0.008988911656317357,0.009455863182530999,0.008036659482685386,0.0017641470388763928,0.002796921829622139,0.007478134468131836,0.016940080223127277,0.0011391245915443604,0.0,0.002442595644714223,0.012744469803598677,0.006950569355035565,0.0011023093875049913,0.0,0.0006513326693185673,0.006420062516318702,0.0,0.00870100013865374,0.00489198425777705,0.006683232537750195,0.0006648535253366435,0.014643096445284231,0.0006426691163637674,0.0,0.009452345045237757,0.01235472639925547,0.0004592126778163669,0.005701306764227293,0.0,0.007056712396739343,0.006664150201906505,0.0020553059201410596,0.00018214760244604934,0.0026248375919314675,0.012969770978499303,0.010566891904638064,0.013673991102756767,0.00019640607164141555,0.0,0.013831447972412432,0.015221210678771685,0.01031148916361158,0.0,0.007623142191356167,0.009995954492098204,0.01192849374457337,0.004882945056085481,0.010316570740490746,0.0,0.0,0.0015195346919918999,0.0,0.00266239781169987,0.00999889090781431,0.013106003807902281,0.0,0.010554546912398929,0.0037843517296951954,0.0022373415210969073,0.0011339142680442363,0.009330926306968912,0.004736553103849281,0.0,0.0,0.0,0.008346591892217908,0.0,0.0,0.006036457418784547,0.011020182386736858
400.6756757,0.02087243365320168,0.01883262176406409,0.029085439299969124,0.019704191510442285,0.02915062200394892,0.023614127163891382,0.02073941065061017,0.01764835930078754,0.027526574387639963,0.01866283903860142,0.02034073861822525,0.027075479719678143,0.030495239444652336,0.02482395636553533,0.015965379151118394,0.031160554584927,0.02160984593710054,0.0289679592240333,0.016609252960537287,0.015106429792802792,0.02563866232909049,0.021499589901827383,0.01589109777883361,0.03133594567927053,0.020525916026075126,0.03073201320434743,0.021907196561258273,0.026960762218136328,0.01566201691910475,0.02267569589958212,0.02814265001340594,0.019063354032107953,0.03236802308855387,0.013753963336236647,0.021264809668560845,0.01970056521695505,0.0058654402798169435,0.017418962336982955,0.013142428622764091,0.017720173772913465,0.0241491202806895,0.015553443063603165,0.024493996556951895,0.023047085846755917,0.0256658652329969,0.02242002161846517,0.02811469084954541,0.019555588031404558,0.022283998283645256,0.026015062533709166,0.02667797378507141,0.015082930738132966,0.02079575237824456,0.022832658067838348,0.019291969229785693,0.019974566956599896,0.028742581536474472,0.02720173721946511,0.020472743946659825,0.01195198763968258,0.02414459623476715,0.030665919595989452,0.009396391222296548,0.03068410969611428,0.019709024740071433,0.022283449367723678,0.018112039310303613,0.01554249655927336,0.026789704877541676,0.02508375277821285,0.026230582391552938,0.034218623146051494,0.034300519921840106,0.031071116817773536,0.022070926978584638,0.01042324308434246,0.01849034165384949,0.007079338872868714,0.019036993326653456,0.029042397807441486,0.0144744134747467,0.018442970149013232,0.021321090622455737,0.025432149898994002,0.013946194396208382,0.015466752248960942,0.025213082126320778,0.022544622374048005,0.01382244193164655,0.019248091701346566,0.023321874537345588,0.0394432330385347,0.02059302192531806,0.025237798925772794,0.027610004459372197,0.035497282203849484,0.025571594271736064,0.019481413103002554,0.02980506067529165,0.013189778047312327
407.1944635,0.024137275230382782,0.031060143319354444,0.013609653985052745,0.020557669585851028,0.028859732278458526,0.02874613492137326,0.01934463534198874,0.0257016174322627,0.02437646640740937,0.027106935611609904,0.027679417575668937,0.025320031793223487,0.0158128689893149,0.03675834861148556,0.019826105703162608,0.01991098303441309,0.0235471018439618,0.023708116006699177,0.028592829493023667,0.02606555364941643,0.024354225866132808,0.004748776559267507,0.012089266217974804,0.00939846968143264,0.01814655233450718,0.016512863119036995,0.03143822754724888,0.017432919715249677,0.02401230170898668,0.011338565224072412,0.020072417374841393,0.020224121604494643,0.037503834992320705,0.017419470270137915,0.021829748479536223,0.025266939125352897,0.01646899399141114,0.018417083806290594,0.015593181057679865,0.02962017814957714,0.00846672911375776,0.03077855459304848,0.02657002065638908,0.015781287016127146,0.02855584986696588,0.031989348301625475,0.0282522481769635,0.013852064206782732,0.014562096031564184,0.02559825507768569,0.02788729356788127,0.03369566309692858,0.02170213229511084,0.02875419297594521,0.03314696169097034,0.02208414709644964,0.024206678890617526,0.03208815094101127,0.02648127933898641,0.03652533395175678,0.025824019878425482,0.021774787083529555,0.02411381581235107,0.024611741521365256,0.03455834916883979,0.030005696471837248,0.02344035068350508,0.025870226354589944,0.016631945927029174,0.021502768786270866,0.03425498659594637,0.024492309728669424,0.029672891028019035,0.023819262277650903,0.024301646578536847,0.03473791707842726,0.030770925267528615,0.01955264438882013,0.03462212399319155,0.016193163244282396,0.03254264341969634,0.02631816429650998,0.024260869078661252,0.007004460196576821,0.015521965250608652,0.03206348750531124,0.014998199746052564,0.03138701157404598,0.02344459469213504,0.023296732465853377,0.03306295069315914,0.017403862108874034,0.029498633462271828,0.020140207180993255,0.0272496773196053,0.021487197662573378,0.028021620086082548,0.015137927820861574,0.0255416227796866,0.01802543955322334
413.5283378,0.02713339322661935,0.033081119704104815,0.02790393264298115,0.022593889260670654,0.032207278647789245,0.01799706861159133,0.01692326652730832,0.03421512271840284,0.025759932753850887,0.025913346226957658,0.030037758508363516,0.033305861646742686,0.024611182108851826,0.03429514476569615,0.02818719042271238,0.020368774928459465,0.026194133238543527,0.02504352348961574,0.025628903383860768,0.02364250013312962,0.028285592050560464,0.03270024809043792,0.011730970634434108,0.024910295260923143,0.026255442598666297,0.046010231901105314,0.0209983319890645,0.0372250617014287,0.03576670850786366,0.038507193163160605,0.030781591031651977,0.027680044586493386,0.032170044215673134,0.020622569715228547,0.03889233344247043,0.01685957171920082,0.02491003752371293,0.020455285624997224,0.029687186488886387,0.02114617195724361,0.0269626529284471,0.02874991857143481,0.016968274469290473,0.03511176097484078,0.03237898248814729,0.035054336097170034,0.021100259684925085,0.02180659320156952,0.026018228136561104,0.02060424659609842,0.02613087224958019,0.029066034362839097,0.023578851941425363,0.03180882191801315,0.023145568155491507,0.02900408277544911,0.02707721707403895,0.01306207879043511,0.018362421225214736,0.026083465618405424,0.029100604987460355,0.022176803771534206,0.02454278801932748,0.023998083439419355,0.027598578817318906,0.02388756159235239,0.03506476361847073,0.03520648663116155,0.03156998646541172,0.030846413307923197,0.02062532933715894,0.021934016587138866,0.020016026134907425,0.028697752512709004,0.025038033409184802,0.028832055799171454,0.031078406210354542,0.031030826038115668,0.024724661384406273,0.028410350094806275,0.03275332563210906,0.029140912428325554,0.023117453716040192,0.02336482108560011,0.026441850056179984,0.02436899837695524,0.02532490207758588,0.014762291224827768,0.03274760238182026,0.016054110291501868,0.029592791683330084,0.030313475830705296,0.025169199598126454,0.031268809265982155,0.021646657359844636,0.033369864913165126,0.0286407105227163,0.027543196515599118,0.022066375895443645,0.030852364510190147
419.8622121,0.024844720391246345,0.023606407705809733,0.027515663839640353,0.02286801625844101,0.025611560661282458,0.03584354294394502,0.028377485261798126,0.04579323937455326,0.024908312795401958,0.025399130230641213,0.023918104106959888,0.02257577895612843,0.03804603106776298,0.013110679056186387,0.026792094170783785,0.012776115353412389,0.027815247240401898,0.022510267399525673,0.023332055850861677,0.027568250997525096,0.021984907247419735,0.020616305781869446,0.027736427270020056,0.016112108132465205,0.016878551033891846,0.015225969051432692,0.031094505048011423,0.026379921188443754,0.019475183379253885,0.03485816009590613,0.026765687954375214,0.02376762271281152,0.03329696773834708,0.01702963333192513,0.02163027877865841,0.02303188403211746,0.025708663267674906,0.02688967610960641,0.017375125544303288,0.012470686019056813,0.02919856464168305,0.022029731997480304,0.022130060417533293,0.02681991301318141,0.032370929766827,0.01541123965022914,0.013006958637179763,0.03199104210399365,0.01630046521078929,0.022345231524921155,0.01706038223841934,0.03035783352680662,0.030389447329389287,0.03185496800530737,0.03806205555930205,0.020112881850008,0.026917060959320824,0.01953896398927217,0.024169765741062256,0.02506067539152391,0.01647135522059956,0.02120777391502113,0.021990616516300764,0.02482452125143679,0.020084927972470724,0.03372380437503388,0.03056041635900216,0.01845407455179627,0.015088876091479889,0.02301755422957035,0.033147592607647505,0.03199189597997971,0.03099353991894522,0.010507791507564498,0.026794816947643702,0.031551962219113924,0.028232751850360963,0.021487862116861944,0.029945975272667548,0.026735300782090278,0.027999464579511836,0.021708603754000112,0.025232669773867202,0.01439838806893235,0.03170319163080531,0.02310178017055376,0.026322859859654924,0.028185998727431157,0.013507955219230755,0.02818472947714043,0.020398392021285863,0.02894869859870653,0.02375497160029492,0.01771388014547624,0.02209197036405763,0.018024353276166232,0.0418229306404181,0.032402555599110976,0.02242948677795983,0.02131470029948227
426.1960864,0.021138411856712797,0.012938053523366104,0.03219859721122649,0.015976489644146153,0.02432996907736054,0.013888741760747858,0.02335446676893975,0.018976968836270813,0.03169248971198817,0.018341064013496385,0.017502935914359967,0.028606706358575915,0.029705232149736003,0.021316350972276916,0.026062436726443282,0.02302634250990558,0.021398039791918736,0.017791367721368377,0.01279218314001946,0.015980530934737464,0.035123481758112356,0.025215325830181053,0.016850614363216103,0.010112915769973767,0.01744802833624827,0.025128368424475987,0.017372735144223033,0.021130471095447856,0.025260400471980547,0.01695460103706252,0.02253650488067216,0.01817131078098393,0.0172796603041731,0.01600446332886531,0.03324657008624047,0.027813194905007804,0.021722917352584664,0.024969431573308637,0.025238265266262147,0.02635137274786719,0.024706962055811077,0.01624035703261475,0.03272868151799987,0.012631651327164067,0.032713410318032085,0.025663536906981553,0.014514700000485228,0.018407259091335827,0.015186745494597503,0.014195279673874147,0.018814761246310173,0.023102912801383848,0.014832382624732108,0.0250333616747721,0.008083586171750671,0.019705287710545163,0.022979915861673,0.022875529753435722,0.030442619640368023,0.022976917901138566,0.021854913901455497,0.020025057248506815,0.018617997748372875,0.022252736415358784,0.012485061713719808,0.01611821568808758,0.018903375822693417,0.019236406201859506,0.01301765976741975,0.010728922830022858,0.0130153129330823,0.015382077783487304,0.026026569088585,0.01643194461532242,0.011064438821860931,0.026072984651441086,0.025675074488877375,0.009571495928184761,0.02505024367002781,0.02137772127532673,0.019861786889464293,0.018482643402455555,0.014065088324368319,0.02405273303543214,0.017966220696023754,0.024295094068060664,0.018407148192555695,0.0202375363501307,0.03511419523511482,0.014905231616942755,0.03193543450199397,0.019899202950167196,0.01765200601213034,0.014241924015604753,0.022130571538002495,0.02543661278090217,0.014730068218937053,0.017114896544819822,0.021681778713350974,0.02925102942970373
432.5299607,0.02908130508721749,0.03389673238557036,0.026059870473613366,0.04327927030592679,0.03380640145584877,0.019002452844087137,0.023688787602747285,0.018638722036525814,0.026717163076188762,0.02804720425437399,0.035977655092381995,0.030547772554905133,0.03285408040647214,0.019194423818815427,0.028585825703423447,0.03788105445152642,0.04105735081668838,0.03142085893713562,0.027174779103372338,0.025810223619828324,0.04212810246192717,0.02247622705878359,0.02641319407056833,0.023691264094494787,0.03902064623352499,0.03277936595690133,0.034825847562514216,0.0321883309548972,0.01192383682506213,0.03544217517605558,0.030316776208672024,0.027568711531513357,0.039830490843466966,0.03706818215863911,0.03294999576099347,0.03311066784994191,0.033895105636952874,0.026186678286221034,0.03643442389385891,0.04242014643934879,0.024350659470883503,0.031032277584478997,0.031622823367135594,0.016980794593006734,0.023978667931859328,0.02335175371798502,0.0327309731892274,0.026570551645995845,0.028462210684650054,0.023697623935796722,0.03138746244179492,0.0418505888352395,0.0397697856438365,0.02912914537239533,0.01898667678574205,0.039232389027867555,0.030861458335012984,0.03182208246961028,0.03367532535056437,0.023541010119306326,0.029329611053562514,0.025696426437920587,0.02510829766807423,0.0326121036412505,0.02880997020088393,0.02527966642175645,0.032522476323505405,0.032690465163521296,0.02055551181006573,0.038958238865890664,0.02553372583185724,0.027894355121066798,0.023892373264222853,0.028816010762105417,0.030398580387691526,0.035268020928821725,0.025597546506184815,0.023061461271447776,0.030243454813724122,0.03169755644700179,0.03265585753138786,0.02914220344794388,0.03551803333975293,0.026890874167570286,0.03044447749333437,0.03519142968344708,0.029048749349107436,0.030007903089471197,0.024042882644566006,0.02933728807012765,0.03286881007919985,0.036040211840622394,0.027935992992967347,0.02391386190158831,0.030023149736148235,0.032607531690642545,0.027404629403275763,0.026395892976615966,0.02708148991027653,0.038331242242608976
438.863835,0.01697544433234905,0.01358384158725125,0.01278216440246531,0.018980224780590603,0.01583297344613259,0.02544821009482287,0.007498827613037105,0.010025366149042782,0.020216340548616214,0.020161422029308977,0.02573643601258619,0.00962592142556028,0.008833988618543611,0.02059646922478024,0.010339671208344836,0.014506500934687685,0.021905731142613537,0.008470074666272611,0.007589472581029624,0.003905989927156732,0.019189709983393297,0.02179657558122989,0.01479651453113312,0.011917522344181891,0.026667453096574534,0.021551281884216917,0.004925003332651881,0.025518668215224433,0.017214594608723734,0.0072009345918809895,0.002984090373995798,0.025938840836096308,0.02519539232455159,0.027926279091542824,0.03564489111492474,0.022864793208263734,0.007930608753588043,0.006834336480631127,0.01732535798930211,0.01354761982207757,0.009717335463087527,0.001630909974625984,0.01068099890722964,0.010058310879922653,0.014878900931774325,0.02773473775912632,0.01609476771534191,0.010183763480945511,0.014315038538779202,0.0098379378592947,0.020891915320967118,0.007289056936888406,0.013004610583648003,0.015204688692857382,0.015559212482733682,0.01868350124216206,0.010509755316796423,0.01587942253485482,0.010554160966758425,0.028563615754490825,0.021665190187598694,0.02487587317006911,0.02563922471274003,0.015984807078252557,0.017824675151047176,0.012395087886027552,0.013117170420897393,0.013681818044171273,0.01223532286697202,0.01969813514673693,0.02207734948885394,0.028068094492508747,0.02068376289573093,0.012339514280785467,0.012450622459629017,0.010798216074629358,0.011511209921201474,0.018082967256896773,0.024883657131033687,0.0174783742623054,0.02337154967540478,0.014951417296134688,0.019445398941928323,0.022490558338231045,0.016328896462495086,0.014618526853461928,0.012033606143968482,0.01365927280312776,0.010681981482545802,0.01984133103632589,0.028579017375542276,0.015600273822030405,0.024932898812560975,0.01548474692644396,0.012130498142104866,0.013763035975135222,0.022914603042124844,0.016694281553764685,0.01919420029708522,0.0034943270549995242
445.1977093,0.0,0.012704649874567384,0.0,0.0,0.004717519785932647,0.00024849271394733144,0.009387534908095973,0.0036127179411484587,0.004273031591283314,0.0,0.0,0.0014809515189441657,0.006076426204903678,0.0,0.0,0.0,0.0,0.006416498976397458,0.007841943695486383,0.0,0.002628575581890231,0.005964792065757797,0.0,0.0012756291785828648,0.008497541096848419,0.0,0.00032981281223810015,0.007825432752534861,0.010107066869326387,0.007009635028744547,0.0003996530719703463,0.010083237054454831,0.0,0.021171670397032164,0.0,0.0,0.0,0.0027485717687205377,0.004897875369622072,0.0,0.008198636910185264,0.0,0.005837070998883834,0.0,0.003879627718973412,0.009848359015408592,0.0059331119685737295,0.0,0.011933742614893304,0.0,0.0,0.0010876357658290506,0.0,0.0,0.010100037038508524,0.005360780862654169,0.0,0.0,0.0,0.011025817789011174,0.00732257326005566,0.006987580095224086,0.0,0.0,0.005002577825881738,0.014126514752233355,0.0,0.008248913796623323,0.003931243413348036,0.0,0.005519769860368106,0.0,0.0,0.0,0.011679753251057861,0.0,0.0,0.0,0.0019224102961503027,7.122408284178491e-05,0.0079906951272,0.006356558546096108,0.00034627260292976065,0.0,0.0,0.0,0.0,0.0,0.0,0.0,0.0004081872101350825,0.002374946290374534,0.0,0.009828798768520762,0.0032167118516813,0.0,0.0,0.000297587636101839,0.0029972877054577425,0.0021168515124613337
450.9557768,0.002643918662301348,0.0,0.0066031156188200504,0.00307925943795128,0.0,0.0009711272988548953,0.0036457807704200038,0.000523230167928229,0.0,0.0025495957087921526,0.007859895236964544,0.01227139665773718,0.0,0.0,0.007275388549710561,0.002255033464322069,0.0,0.02055858954204586,0.0,0.0,0.0,0.004705418821658777,0.008586500799339045,0.0,0.0017964742369795052,0.004069989244208138,0.007686520794451243,0.014764294204606176,0.0,0.0031936392908120535,0.0,0.0031613371965209525,0.0,0.006183901316243721,0.00075463612520282,0.003537558770370839,0.0,0.0,0.007742123324284641,0.0033156556702739048,0.0,0.001687564205656605,0.0,0.0,0.005348045483522319,0.007481443246529631,0.0,0.0,0.0035271484353032526,0.0,0.003387311205904595,0.0,0.0,0.0,0.006770571970331339,0.004975999906047414,0.0,0.0,0.0,0.0060755430950551505,0.017220173891506388,0.0,0.0012523281571161812,0.006646706300418621,0.0,0.0,0.005544674999168301,0.0,0.0002868188978017998,0.004839031403738273,0.006483196202785932,0.0029857755315206833,0.006958360417181127,0.0,0.017091814715660476,0.0,0.0,0.009151853578177537,0.0,0.004703826477166374,0.0005219989367711056,0.0012477691134750283,0.00219909667174833,0.0,0.005024469278545208,0.003865246793204196,0.003578000769177205,0.006452788235410308,0.0016217552484633691,0.00522680722811481,0.0029429894707398265,0.00014120541796945347,0.0,0.005017974580508815,0.010058354276274094,0.0,0.0,0.005535791588744388,0.0,0.0
